Athanasios Keskempes;A.Keskempes
Konstantinos Sakellaridis;K.Sakellaridis
Ouranos Oyranos;O.Oyranos
Anchos Bampis;A.Bampis
Kempab Mitsos;K.Mitsos
Tzoni Petaloudas;T.Petaloudas
Eva Ey;E.Ey
Ef Afta;E.Afta
